{
  "project_info": {
    "project_number": "1001879916730",
    "project_id": "bookingapp-33f94",
    "storage_bucket": "bookingapp-33f94.appspot.com"
  },
  "client": [
    {
      "client_info": {
        "mobilesdk_app_id": "1:1001879916730:android:b4724b82582807cc733283",
        "android_client_info": {
          "package_name": "com.example.Bookingapp"
        }
      },
      "oauth_client": [],
      "api_key": [
        {
          "current_key": "AIzaSyC7sMPBs9xjzOw-OELcM5RzzVxNj9Cl0X8"
        }
      ],
      "services": {
        "appinvite_service": {
          "other_platform_oauth_client": []
        }
      }
    }
  ],
  "configuration_version": "1"
}